-- =============================================
-- 小米之家门店管理系统 - 模拟数据脚本
-- 数据库: xiaomi_store
-- 使用前请先执行 init.sql 初始化表结构
-- =============================================

USE xiaomi_store;

-- =============================================
-- 1. 角色数据
-- =============================================
INSERT INTO ROLE_INFO (ROLE_ID, ROLE_NAME, DESCRIPTION) VALUES
(1, '系统管理员', '系统最高权限管理员'),
(2, '门店经理', '负责门店整体运营'),
(3, '店员', '日常销售人员'),
(4, '财务人员', '负责财务统计与报表');

-- =============================================
-- 2. 权限数据
-- =============================================
INSERT INTO PERMISSION_INFO (PERMISSION_ID, PERMISSION_CODE, PERMISSION_NAME, DESCRIPTION) VALUES
(1, 'user:manage', '用户管理', '管理系统用户'),
(2, 'role:manage', '角色管理', '管理角色权限'),
(3, 'product:manage', '商品管理', '商品增删改查'),
(4, 'product:category', '分类管理', '商品分类管理'),
(5, 'inventory:in', '入库管理', '商品入库操作'),
(6, 'inventory:out', '出库管理', '商品出库操作'),
(7, 'inventory:check', '库存盘点', '库存盘点功能'),
(8, 'order:create', '创建订单', '新建销售订单'),
(9, 'order:refund', '订单退款', '处理订单退款'),
(10, 'member:manage', '会员管理', '会员信息管理'),
(11, 'report:sales', '销售报表', '查看销售统计'),
(12, 'report:inventory', '库存报表', '查看库存统计');

-- =============================================
-- 3. 角色权限关联
-- =============================================
INSERT INTO ROLE_PERMISSION_REL (ROLE_ID, PERMISSION_ID) VALUES
-- 系统管理员（拥有所有权限）
(1, 1), (1, 2), (1, 3), (1, 4), (1, 5), (1, 6), (1, 7), (1, 8), (1, 9), (1, 10), (1, 11), (1, 12),
-- 门店经理
(2, 3), (2, 4), (2, 5), (2, 6), (2, 7), (2, 8), (2, 10), (2, 11), (2, 12),
-- 店员
(3, 3), (3, 8), (3, 10),
-- 财务人员
(4, 11), (4, 12);

-- =============================================
-- 4. 用户数据（密码都是 123456 的 MD5，实际使用时应加密）
-- =============================================
INSERT INTO USER_INFO (USER_ID, USER_NAME, PASSWORD, ROLE_ID, STATUS) VALUES
(1, 'admin', '123456', 1, 0),
(2, 'manager', '123456', 2, 0),
(3, 'clerk01', '123456', 3, 0),
(4, 'clerk02', '123456', 3, 0),
(5, 'finance', '123456', 4, 0);

-- =============================================
-- 5. 商品分类数据
-- =============================================
INSERT INTO CATEGORY_INFO (CATEGORY_ID, CATEGORY_NAME, PARENT_ID, LEVEL) VALUES
(1, '手机通讯', NULL, 1),
(2, '智能穿戴', NULL, 1),
(3, '智能家居', NULL, 1),
(4, '路由器', NULL, 1),
(5, '配件', NULL, 1),
(6, '小米手机', 1, 2),
(7, '红米手机', 1, 2),
(8, '小米手表', 2, 2),
(9, '手环', 2, 2),
(10, '扫地机器人', 3, 2),
(11, '空气净化器', 3, 2);

-- =============================================
-- 6. 商品数据
-- =============================================
INSERT INTO PRODUCT_INFO (PRODUCT_ID, PRODUCT_CODE, PRODUCT_NAME, CATEGORY_ID, PRICE, STOCK_QUANTITY, STATUS, DESCRIPTION) VALUES
(1, 'MI14PRO', '小米14 Pro', 6, 4999.00, 50, 0, '小米旗舰手机，骁龙8 Gen3处理器'),
(2, 'MI14', '小米14', 6, 3999.00, 80, 0, '小米数字旗舰手机'),
(3, 'REDMIK70', '红米 K70', 7, 2499.00, 100, 0, '红米性价比旗舰'),
(4, 'REDMINOTE13', '红米 Note 13', 7, 1299.00, 200, 0, '红米入门款'),
(5, 'MIWATCHS3', '小米手表 S3', 8, 1499.00, 30, 0, '智能运动手表'),
(6, 'MIBANDFIT', '小米手环 8 Pro', 9, 399.00, 150, 0, '健康运动手环'),
(7, 'MIROUTERAX9000', '小米路由器 AX9000', 4, 999.00, 60, 0, '三频WiFi6路由器'),
(8, 'MIROBOT2S', '米家扫地机器人 2S', 10, 1999.00, 40, 0, '智能扫地拖地一体'),
(9, 'MIAIRPUR3', '米家空气净化器 4 Pro', 11, 1499.00, 45, 0, '除甲醛净化器'),
(10, 'MI充电器33W', '小米33W充电器', 5, 59.00, 500, 0, 'Type-C快充充电器'),
(11, 'MI充电宝10000', '小米移动电源3', 5, 79.00, 300, 0, '10000mAh充电宝');

-- =============================================
-- 7. 库存数据（初始入库记录）
-- =============================================
INSERT INTO STOCK_IN_INFO (STOCK_IN_ID, PRODUCT_ID, QUANTITY, OPERATOR_ID) VALUES
(1, 1, 50, 1),
(2, 2, 80, 1),
(3, 3, 100, 1),
(4, 4, 200, 1),
(5, 5, 30, 1),
(6, 6, 150, 1),
(7, 7, 60, 1),
(8, 8, 40, 1),
(9, 9, 45, 1),
(10, 10, 500, 1),
(11, 11, 300, 1);

-- =============================================
-- 8. 会员数据
-- =============================================
INSERT INTO MEMBER_INFO (MEMBER_ID, PHONE, NAME, BIRTHDAY, MEMBER_CARD_NO, POINTS, LEVEL) VALUES
(1, '13800138001', '张三', '1990-05-20', 'M10001', 5000, 2),
(2, '13800138002', '李四', '1985-10-15', 'M10002', 12000, 3),
(3, '13800138003', '王五', '1995-03-08', 'M10003', 800, 1),
(4, '13800138004', '赵六', '1988-12-25', 'M10004', 20000, 4),
(5, '13800138005', '钱七', '1992-07-30', 'M10005', 3000, 2);

-- =============================================
-- 9. 订单数据
-- =============================================
INSERT INTO ORDER_INFO (ORDER_ID, ORDER_NO, USER_ID, AMOUNT, STATUS) VALUES
(1, 'ORD202401150001', 3, 5288.00, 1),
(2, 'ORD202401150002', 3, 2499.00, 1),
(3, 'ORD202401160001', 4, 5398.00, 1),
(4, 'ORD202401160002', 3, 399.00, 1),
(5, 'ORD202401170001', 3, 1499.00, 0);

-- =============================================
-- 10. 订单明细数据
-- =============================================
INSERT INTO ORDER_ITEM_INFO (ORDER_ITEM_ID, ORDER_ID, PRODUCT_ID, QUANTITY, UNIT_PRICE, TOTAL_PRICE) VALUES
(1, 1, 1, 1, 4999.00, 4999.00),
(2, 1, 10, 3, 59.00, 177.00),
(3, 1, 11, 1, 79.00, 79.00),
(4, 2, 3, 1, 2499.00, 2499.00),
(5, 3, 2, 1, 3999.00, 3999.00),
(6, 3, 6, 3, 399.00, 1197.00),
(7, 3, 11, 2, 79.00, 158.00),
(8, 4, 6, 1, 399.00, 399.00),
(9, 5, 5, 1, 1499.00, 1499.00);

-- =============================================
-- 11. 会员消费记录
-- =============================================
INSERT INTO MEMBER_CONSUME_RECORD (RECORD_ID, MEMBER_ID, ORDER_ID, CONSUME_AMOUNT, POINTS_GAINED) VALUES
(1, 1, 1, 5288.00, 528),
(2, 2, 2, 2499.00, 249),
(3, 1, 3, 5398.00, 539),
(4, 3, 4, 399.00, 39);

-- =============================================
-- 12. 库存预警规则（示例：库存低于20时预警）
-- =============================================
INSERT INTO STOCK_WARNING_RULE (RULE_ID, PRODUCT_ID, MIN_STOCK, WARNING_METHOD, ENABLED) VALUES
(1, 1, 20, '系统通知', 1),
(2, 5, 15, '系统通知', 1),
(3, 7, 20, '系统通知', 1);

-- =============================================
-- 初始化完成
-- =============================================
